gradyear,gender,age,NumberOffriends,basketball,football,soccer,softball,volleyball,swimming,cheerleading,baseball,tennis,sports,cute,sex,sexy,hot,kissed,dance,band,marching,music,rock,god,church,jesus,bible,hair,dress,blonde,mall,shopping,clothes,hollister,abercrombie,die,death,drunk,drugs
2006,2,18,1,-0.33925027731717694,-0.365575348493682,-0.24075306889571918,-0.2177517965328913,-0.22472246441791735,-0.24634807394439567,-0.2098891180158987,-0.20111212123681502,-0.16633868976431013,-0.30295290547575554,-0.4047716323718233,-0.16744679562002138,-0.27139482440324086,-0.26911123767053646,-0.19476573218124646,-0.36878710487183464,-0.2806660106610222,-0.14246142109879048,-0.6137432255830593,-0.3311385445459379,-0.35534119552364185,-0.31312978215618353,1.5080327241716096,4.582119687337398,-0.3958380908447253,-0.25306879495117374,-0.04155077228776987,-0.36907608513335377,-0.49163031407029373,-0.3137986534206848,-0.20134761085171252,-0.183708550889678,-0.3101274034442473,1.9319950974943338,2.1485037790808317,2.687617297494156
